snp,causal_variants,heart_egenes,fdr
rs56153133,rs4846068,MFN2,2.07414436548347e-19
rs56153133,rs12566905,CLCN6,2.07414436548347e-19
rs56153133,rs144795462,CLCN6,2.07414436548347e-19
rs56153133,rs144795462,NPPA,2.07414436548347e-19
rs56153133,rs3737966,AGTRAP,2.07414436548347e-19
rs56153133,rs3820192,CLCN6,2.07414436548347e-19
rs56153133,rs3820192,NPPA,2.07414436548347e-19
rs56153133,rs17037432,CLCN6,2.07414436548347e-19
rs56153133,rs17037432,NPPA,2.07414436548347e-19
rs56153133,rs6667637,MFN2,2.07414436548347e-19
rs56153133,rs142218582,CLCN6,2.07414436548347e-19
rs56153133,rs142218582,NPPA,2.07414436548347e-19
rs56153133,rs143553702,CLCN6,2.07414436548347e-19
rs56153133,rs143553702,NPPA,2.07414436548347e-19
rs56153133,rs4845888,MFN2,2.07414436548347e-19
rs56153133,rs11121840,MFN2,2.07414436548347e-19
rs56153133,rs6684539,MFN2,2.07414436548347e-19
rs56153133,rs885770,MFN2,2.07414436548347e-19
rs56153133,rs11121839,MFN2,2.07414436548347e-19
rs56153133,rs149393118,CLCN6,2.07414436548347e-19
rs56153133,rs149393118,NPPA,2.07414436548347e-19
rs56153133,rs17367629,CLCN6,2.07414436548347e-19
rs56153133,rs17367629,NPPA,2.07414436548347e-19
rs56153133,rs5065,NPPA-AS1,2.07414436548347e-19
rs56153133,rs12092734,MFN2,2.07414436548347e-19
rs56153133,rs6669571,MFN2,2.07414436548347e-19
rs56153133,rs12092731,MFN2,2.07414436548347e-19
rs56153133,rs1474577,MFN2,2.07414436548347e-19
rs56153133,rs76660458,NPPA,2.07414436548347e-19
rs56153133,rs41275458,CLCN6,2.07414436548347e-19
rs56153133,rs74440292,NPPA,2.07414436548347e-19
rs56153133,rs2066470,CLCN6,2.07414436548347e-19
rs56153133,rs2066470,NPPA,2.07414436548347e-19
rs2271543,rs11694271,RP11-378A13.1,8.61062645522079e-09
rs2271543,rs11677953,RP11-378A13.1,8.61062645522079e-09
rs2271543,rs11677953,TMBIM1,8.61062645522079e-09
rs2271543,rs11677953,ARPC2,8.61062645522079e-09
rs2271543,rs11677953,GPBAR1,8.61062645522079e-09
rs2271543,rs11677953,PNKD,8.61062645522079e-09
rs2271543,rs6723716,RP11-378A13.1,8.61062645522079e-09
rs2271543,rs6723716,ARPC2,8.61062645522079e-09
rs2271543,rs10169718,ARPC2,8.61062645522079e-09
rs2271543,rs10169718,RP11-378A13.1,8.61062645522079e-09
rs2271543,rs10169718,TMBIM1,8.61062645522079e-09
rs2271543,rs10169718,GPBAR1,8.61062645522079e-09
rs2271543,rs10169718,AAMP,8.61062645522079e-09
rs2271543,rs10169718,PNKD,8.61062645522079e-09
rs2271543,rs7568092,ARPC2,8.61062645522079e-09
rs2271543,rs7568092,RP11-378A13.1,8.61062645522079e-09
rs2271543,rs7568092,TMBIM1,8.61062645522079e-09
rs2271543,rs13015410,ARPC2,8.61062645522079e-09
rs2271543,rs13015410,RP11-378A13.1,8.61062645522079e-09
rs2271543,rs13015410,TMBIM1,8.61062645522079e-09
rs2271543,rs13015410,GPBAR1,8.61062645522079e-09
rs2271543,rs13015410,AAMP,8.61062645522079e-09
rs2271543,rs13015410,PNKD,8.61062645522079e-09
rs2271543,rs12622618,RP11-378A13.1,8.61062645522079e-09
rs2271543,rs12622618,TMBIM1,8.61062645522079e-09
rs2271543,rs12622618,ARPC2,8.61062645522079e-09
rs2271543,rs1870123,RP11-378A13.1,8.61062645522079e-09
rs2271543,rs1870123,TMBIM1,8.61062645522079e-09
rs2271543,rs1870123,ARPC2,8.61062645522079e-09
rs2271543,rs1870123,PNKD,8.61062645522079e-09
rs2271543,rs1399132,RP11-378A13.1,8.61062645522079e-09
rs2271543,rs1399132,TMBIM1,8.61062645522079e-09
rs2271543,rs1399132,ARPC2,8.61062645522079e-09
rs2271543,rs1399132,AAMP,8.61062645522079e-09
rs2271543,rs1399132,PNKD,8.61062645522079e-09
rs2271543,rs7585702,RP11-378A13.1,8.61062645522079e-09
rs2271543,rs7585702,TMBIM1,8.61062645522079e-09
rs2271543,rs7585702,ARPC2,8.61062645522079e-09
rs2271543,rs7585702,GPBAR1,8.61062645522079e-09
rs2271543,rs7585702,PNKD,8.61062645522079e-09
rs2271543,rs4672884,RP11-378A13.1,8.61062645522079e-09
rs2271543,rs4672884,TMBIM1,8.61062645522079e-09
rs2271543,rs4672884,ARPC2,8.61062645522079e-09
rs2271543,rs4672884,GPBAR1,8.61062645522079e-09
rs2271543,rs4672884,AAMP,8.61062645522079e-09
rs2271543,rs4672884,PNKD,8.61062645522079e-09
rs2271543,rs11896513,SLC11A1,8.61062645522079e-09
rs2271543,rs13026485,ARPC2,8.61062645522079e-09
rs2271543,rs13026485,RP11-378A13.1,8.61062645522079e-09
rs2271543,rs13026485,TMBIM1,8.61062645522079e-09
rs2271543,rs13026485,GPBAR1,8.61062645522079e-09
rs2271543,rs13026485,PNKD,8.61062645522079e-09
rs2271543,rs12623716,RP11-378A13.1,8.61062645522079e-09
rs2271543,rs12623716,TMBIM1,8.61062645522079e-09
rs2271543,rs12623716,ARPC2,8.61062645522079e-09
rs2271543,rs11888052,RP11-378A13.1,8.61062645522079e-09
rs2271543,rs11888052,TMBIM1,8.61062645522079e-09
rs2271543,rs11888052,ARPC2,8.61062645522079e-09
rs2271543,rs11888052,AAMP,8.61062645522079e-09
rs2271543,rs11888052,PNKD,8.61062645522079e-09
rs2271543,rs77029064,RP11-378A13.1,8.61062645522079e-09
rs2271543,rs77029064,TMBIM1,8.61062645522079e-09
rs2271543,rs77029064,ARPC2,8.61062645522079e-09
rs2271543,rs77029064,GPBAR1,8.61062645522079e-09
rs2271543,rs77029064,PNKD,8.61062645522079e-09
rs2271543,rs10193189,RP11-378A13.1,8.61062645522079e-09
rs2271543,rs10193189,TMBIM1,8.61062645522079e-09
rs2271543,rs10193189,ARPC2,8.61062645522079e-09
rs2271543,rs10193189,GPBAR1,8.61062645522079e-09
rs2271543,rs10193189,PNKD,8.61062645522079e-09
rs2271543,rs10203039,RP11-378A13.1,8.61062645522079e-09
rs2271543,rs10203039,TMBIM1,8.61062645522079e-09
rs2271543,rs10203039,ARPC2,8.61062645522079e-09
rs2271543,rs10203039,GPBAR1,8.61062645522079e-09
rs2271543,rs10203039,AAMP,8.61062645522079e-09
rs2271543,rs10203039,PNKD,8.61062645522079e-09
rs2271543,rs10194082,RP11-378A13.1,8.61062645522079e-09
rs2271543,rs10194082,TMBIM1,8.61062645522079e-09
rs2271543,rs10194082,ARPC2,8.61062645522079e-09
rs2271543,rs10194082,GPBAR1,8.61062645522079e-09
rs2271543,rs10194082,AAMP,8.61062645522079e-09
rs2271543,rs10194082,PNKD,8.61062645522079e-09
rs2271543,rs4672888,RP11-378A13.1,8.61062645522079e-09
rs2271543,rs61700947,RP11-378A13.1,8.61062645522079e-09
rs2271543,rs61700947,TMBIM1,8.61062645522079e-09
rs2271543,rs1870124,RP11-378A13.1,8.61062645522079e-09
rs2271543,rs1870124,TMBIM1,8.61062645522079e-09
rs2271543,rs1870124,ARPC2,8.61062645522079e-09
rs2271543,rs1870124,GPBAR1,8.61062645522079e-09
rs2271543,rs1870124,PNKD,8.61062645522079e-09
rs2271543,rs28374262,ARPC2,8.61062645522079e-09
rs2271543,rs28374262,RP11-378A13.1,8.61062645522079e-09
rs2271543,rs28374262,TMBIM1,8.61062645522079e-09
rs2271543,rs28374262,GPBAR1,8.61062645522079e-09
rs2271543,rs28374262,PNKD,8.61062645522079e-09
rs2271543,rs2292553,ARPC2,8.61062645522079e-09
rs2271543,rs2292553,RP11-378A13.1,8.61062645522079e-09
rs2271543,rs2292553,TMBIM1,8.61062645522079e-09
rs2271543,rs2292553,GPBAR1,8.61062645522079e-09
rs2271543,rs2292553,AAMP,8.61062645522079e-09
rs2271543,rs2292553,PNKD,8.61062645522079e-09
rs2271543,rs10165153,RP11-378A13.1,8.61062645522079e-09
rs2271543,rs10165153,TMBIM1,8.61062645522079e-09
rs2271543,rs10165153,ARPC2,8.61062645522079e-09
rs2271543,rs10165153,PNKD,8.61062645522079e-09
rs2271543,rs11554825,ARPC2,8.61062645522079e-09
rs2271543,rs11554825,RP11-378A13.1,8.61062645522079e-09
rs2271543,rs11554825,TMBIM1,8.61062645522079e-09
rs2271543,rs11554825,GPBAR1,8.61062645522079e-09
rs2271543,rs11554825,AAMP,8.61062645522079e-09
rs2271543,rs11554825,PNKD,8.61062645522079e-09
rs2271543,rs4674267,RP11-378A13.1,8.61062645522079e-09
rs2271543,rs4674267,TMBIM1,8.61062645522079e-09
rs2271543,rs3731859,ARPC2,8.61062645522079e-09
rs2271543,rs3731859,RP11-378A13.1,8.61062645522079e-09
rs2271543,rs3731859,TMBIM1,8.61062645522079e-09
rs2271543,rs3731859,GPBAR1,8.61062645522079e-09
rs2271543,rs3731859,AAMP,8.61062645522079e-09
rs2271543,rs3731859,PNKD,8.61062645522079e-09
rs2271543,rs12990082,ARPC2,8.61062645522079e-09
rs2271543,rs12990082,RP11-378A13.1,8.61062645522079e-09
rs2271543,rs12990082,TMBIM1,8.61062645522079e-09
rs2271543,rs12990082,GPBAR1,8.61062645522079e-09
rs2271543,rs12990082,AAMP,8.61062645522079e-09
rs2271543,rs12990082,PNKD,8.61062645522079e-09
rs2271543,rs10172824,RP11-378A13.1,8.61062645522079e-09
rs2271543,rs10172824,TMBIM1,8.61062645522079e-09
rs2271543,rs10172824,ARPC2,8.61062645522079e-09
rs2271543,rs10172824,GPBAR1,8.61062645522079e-09
rs2271543,rs10172824,PNKD,8.61062645522079e-09
rs2271543,rs4996257,RP11-378A13.1,8.61062645522079e-09
rs2271543,rs4996257,TMBIM1,8.61062645522079e-09
rs2271543,rs4996257,ARPC2,8.61062645522079e-09
rs2271543,rs4996257,AAMP,8.61062645522079e-09
rs2271543,rs4996257,PNKD,8.61062645522079e-09
rs2271543,rs10932772,RP11-378A13.1,8.61062645522079e-09
rs2271543,rs10932772,TMBIM1,8.61062645522079e-09
rs2271543,rs10932772,ARPC2,8.61062645522079e-09
rs2271543,rs10932772,AAMP,8.61062645522079e-09
rs2271543,rs10932772,PNKD,8.61062645522079e-09
rs2271543,rs62183956,RP11-378A13.1,8.61062645522079e-09
rs2271543,rs62183956,TMBIM1,8.61062645522079e-09
rs2271543,rs62183956,PNKD,8.61062645522079e-09
rs2271543,rs7559525,RP11-378A13.1,8.61062645522079e-09
rs2271543,rs7559525,TMBIM1,8.61062645522079e-09
rs2271543,rs7559525,ARPC2,8.61062645522079e-09
rs2271543,rs7559525,GPBAR1,8.61062645522079e-09
rs2271543,rs7559525,PNKD,8.61062645522079e-09
rs2271543,rs10932768,RP11-378A13.1,8.61062645522079e-09
rs2271543,rs10932768,TMBIM1,8.61062645522079e-09
rs2271543,rs10932768,ARPC2,8.61062645522079e-09
rs2271543,rs10932768,GPBAR1,8.61062645522079e-09
rs2271543,rs10932768,PNKD,8.61062645522079e-09
rs2271543,rs35271699,ARPC2,8.61062645522079e-09
rs2271543,rs35271699,RP11-378A13.1,8.61062645522079e-09
rs2271543,rs35271699,TMBIM1,8.61062645522079e-09
rs2271543,rs35271699,GPBAR1,8.61062645522079e-09
rs2271543,rs35271699,AAMP,8.61062645522079e-09
rs2271543,rs35271699,PNKD,8.61062645522079e-09
rs2271543,rs1870125,RP11-378A13.1,8.61062645522079e-09
rs2271543,rs1870125,TMBIM1,8.61062645522079e-09
rs2271543,rs1870125,ARPC2,8.61062645522079e-09
rs2271543,rs1870125,GPBAR1,8.61062645522079e-09
rs2271543,rs1870125,AAMP,8.61062645522079e-09
rs2271543,rs1870125,PNKD,8.61062645522079e-09
rs2271543,rs7587220,RP11-378A13.1,8.61062645522079e-09
rs2271543,rs7587220,TMBIM1,8.61062645522079e-09
rs2271543,rs7587220,ARPC2,8.61062645522079e-09
rs2271543,rs7587220,PNKD,8.61062645522079e-09
rs2271543,rs2168704,ARPC2,8.61062645522079e-09
rs2271543,rs2168704,RP11-378A13.1,8.61062645522079e-09
rs2271543,rs2168704,TMBIM1,8.61062645522079e-09
rs2271543,rs2168704,GPBAR1,8.61062645522079e-09
rs2271543,rs2168704,AAMP,8.61062645522079e-09
rs2271543,rs2168704,PNKD,8.61062645522079e-09
rs2271543,rs12999734,ARPC2,8.61062645522079e-09
rs2271543,rs12999734,RP11-378A13.1,8.61062645522079e-09
rs2271543,rs12999734,TMBIM1,8.61062645522079e-09
rs2271543,rs12999734,GPBAR1,8.61062645522079e-09
rs2271543,rs12999734,AAMP,8.61062645522079e-09
rs2271543,rs12999734,PNKD,8.61062645522079e-09
rs2271543,rs7586267,RP11-378A13.1,8.61062645522079e-09
rs2271543,rs4324314,RP11-378A13.1,8.61062645522079e-09
rs2271543,rs4324314,TMBIM1,8.61062645522079e-09
rs2271543,rs10206064,RP11-378A13.1,8.61062645522079e-09
rs2271543,rs10206064,TMBIM1,8.61062645522079e-09
rs2271543,rs10206064,ARPC2,8.61062645522079e-09
rs2271543,rs10206064,PNKD,8.61062645522079e-09
rs2271543,rs2271543,RP11-378A13.1,8.61062645522079e-09
rs2271543,rs2271543,TMBIM1,8.61062645522079e-09
rs2271543,rs2271543,ARPC2,8.61062645522079e-09
rs2271543,rs2271543,GPBAR1,8.61062645522079e-09
rs2271543,rs2271543,PNKD,8.61062645522079e-09
rs2271543,rs6436049,ARPC2,8.61062645522079e-09
rs2271543,rs6436049,RP11-378A13.1,8.61062645522079e-09
rs2271543,rs6436049,TMBIM1,8.61062645522079e-09
rs2271543,rs10171839,ARPC2,8.61062645522079e-09
rs2271543,rs10171839,RP11-378A13.1,8.61062645522079e-09
rs2271543,rs10171839,TMBIM1,8.61062645522079e-09
rs2271543,rs10171839,GPBAR1,8.61062645522079e-09
rs2271543,rs10171839,PNKD,8.61062645522079e-09
rs2271543,rs10195115,RP11-378A13.1,8.61062645522079e-09
rs2271543,rs10195115,TMBIM1,8.61062645522079e-09
rs2271543,rs10195115,ARPC2,8.61062645522079e-09
rs2271543,rs10195115,AAMP,8.61062645522079e-09
rs2271543,rs10195115,PNKD,8.61062645522079e-09
rs2271543,rs1473901,RP11-378A13.1,8.61062645522079e-09
rs2271543,rs1473901,TMBIM1,8.61062645522079e-09
rs2271543,rs1473901,ARPC2,8.61062645522079e-09
rs2271543,rs1473901,GPBAR1,8.61062645522079e-09
rs2271543,rs1473901,AAMP,8.61062645522079e-09
rs2271543,rs1473901,PNKD,8.61062645522079e-09
rs2271543,rs921970,RP11-378A13.1,8.61062645522079e-09
rs2271543,rs921970,TMBIM1,8.61062645522079e-09
